{
	"type": "minecraft:entity",
	"pools": [
		{
			"rolls": 1,
			"entries": [
				{
					"type": "minecraft:item",
					"name": "minecraft:red_dye",
					"functions": [
						{
							"function": "minecraft:set_name",
							"entity": "this",
							"name": ["",{"nbt":"Item[0].Name","storage":"minecraft:animation","italic":"false","color":"aqua","bold":"true"},{"text":" | ","italic":"false","bold":"true","color":"gold"},{"nbt":"Item[0].Length","storage":"minecraft:animation","italic":"false"}]
						},
						{
							"function": "minecraft:copy_nbt",
							"source": {
								"type": "minecraft:storage",
								"source": "minecraft:animation"
							},
							"ops": [
								{
									"source": "Item[0]",
									"target": "Animation",
									"op": "replace"
								}
							]
						},
						{
							"function": "minecraft:set_nbt",
							"tag": "{Animation:{id:0}}"
						}
					]
				}
			]
		}
	]
}