{
	"type": "minecraft:entity",
	"pools": [
		{
			"rolls": 1,
			"entries": [
				{
					"type": "minecraft:item",
					"name": "minecraft:writable_book",
					"functions": [
						{
							"function": "minecraft:set_name",
							"entity": "this",
							"name": ["",{"nbt":"Edit.Name","storage":"minecraft:animation","italic":"false","color":"light_purple","bold":"true"}]
						},
						{
							"function": "minecraft:set_nbt",
							"tag": "{Edit_Name:1,pages:[\"§2Sign this book with the name of your animation\"],Enchantments:[{id:\"minecraft:asd\",lvl:0}]}"
						}
					]
				}
			]
		}
	]
}