{
  "type": "minecraft:block",
  "pools": [
    {
      "rolls": 1,
      "entries": [
        {
          "type": "minecraft:alternatives",
          "children": [
            {
              "type": "minecraft:item",
              "name": "minecraft:chorus_plant",
              "functions": [
                {
                  "function": "minecraft:copy_state",
                  "block": "minecraft:chorus_plant",
                  "properties": [
                    "up",
                    "down",
                    "north",
                    "south",
                    "east",
                    "west"
                  ]
                }
              ],
              "conditions": [
                {
                  "condition": "minecraft:match_tool",
                  "predicate": {
                    "nbt": "{Record:1}"
                  }
                }
              ]
            },
			{
			  "type": "minecraft:item",
			  "functions": [
			    {
			      "function": "minecraft:set_count",
			      "count": {
			        "type": "minecraft:uniform",
			        "min": 0.0,
			        "max": 1.0
			      },
			      "add": false
			    },
			    {
			      "function": "minecraft:explosion_decay"
			    }
			  ],
			  "name": "minecraft:chorus_fruit"
			}
          ]
        }
      ]
    }
  ]
}
