{
  "type": "minecraft:block",
  "pools": [
    {
      "rolls": 1,
      "entries": [
        {
          "type": "minecraft:alternatives",
          "children": [
            {
              "type": "minecraft:item",
              "name": "minecraft:dark_oak_trapdoor",
              "functions": [
                {
                  "function": "minecraft:copy_state",
                  "block": "minecraft:dark_oak_trapdoor",
                  "properties": [
                    "facing",
                    "half",
                    "open",
                    "powered",
                    "waterlogged"
                  ]
                }
              ],
              "conditions": [
                {
                  "condition": "minecraft:match_tool",
                  "predicate": {
                    "nbt": "{Record:1}"
                  }
                }
              ]
            },
            {
              "type": "minecraft:item",
              "name": "minecraft:dark_oak_trapdoor"
            }
          ]
        }
      ],
      "conditions": [
        {
          "condition": "minecraft:survives_explosion"
        }
      ]
    }
  ]
}