{
  "type": "minecraft:block",
  "pools": [
    {
      "rolls": 1,
      "entries": [
        {
          "type": "minecraft:alternatives",
          "children": [
            {
              "type": "minecraft:item",
              "name": "minecraft:jungle_sign",
              "functions": [
                {
                  "function": "minecraft:copy_state",
                  "block": "minecraft:jungle_sign",
                  "properties": [
                    "waterlogged",
                    "rotation"
                  ]
                },
                {
                  "function": "minecraft:copy_state",
                  "block": "minecraft:jungle_wall_sign",
                  "properties": [
                    "waterlogged",
                    "facing"
                  ]
                },
                {
                  "function": "minecraft:copy_nbt",
                  "source": "block_entity",
                  "ops": [
                    {
                      "source": "",
                      "target": "BlockEntityTag",
                      "op": "replace"
                    }
                  ]
                }
              ],
              "conditions": [
                {
                  "condition": "minecraft:match_tool",
                  "predicate": {
                    "nbt": "{Record:1}"
                  }
                }
              ]
            },
            {
              "type": "minecraft:item",
              "name": "minecraft:jungle_sign"
            }
          ]
        }
      ],
      "conditions": [
        {
          "condition": "minecraft:survives_explosion"
        }
      ]
    }
  ]
}